{"0": {"1": 35.64301801717898, "2": 35.8223460598607, "3": 28.258900136289174, "4": 41.495523196858834, "5": 5.1520171807390245, "6": 32.400039615678175, "7": 40.152922894598554, "8": 42.46450870124591, "9": 29.92180607124073}, "1": {"2": 18.63833290385717, "3": 34.871859554967806, "4": 42.74312591345463, "5": 16.198657639361457, "6": 14.71239985796134, "7": 33.47448752307612, "8": 42.04780291801127, "9": 17.2556215536829}, "2": {"3": 21.186074735488877, "4": 27.974297332946662, "5": 22.16783406372467, "6": 40.77569181827958, "7": 16.948107216991907, "8": 23.384556178984905, "9": 19.758510595652343}, "3": {"4": 28.273726552570142, "5": 34.139417970569724, "6": 22.388119258316156, "7": 7.045482835482898, "8": 41.1016760294816, "9": 8.474199770708044}, "4": {"5": 23.707609063984556, "6": 42.771300179799645, "7": 23.797262490456063, "8": 38.022300160729095, "9": 38.554983947472}, "5": {"6": 11.340160477525659, "7": 34.18688617345671, "8": 31.89303819498714, "9": 38.429778391824705}, "6": {"7": 32.90262129436779, "8": 12.084731297782499, "9": 23.878918219322564}, "7": {"8": 20.756190097584962, "9": 24.572560435817657}, "8": {"9": 14.808755301044629}}